Timestamp,SRRL BMS Direct Normal Irradiance (W/m²_irr),SRRL BMS Diffuse Horizontal Irradiance (W/m²_irr),SRRL BMS Global Horizontal Irradiance (W/m²_irr),SRRL BMS Dry Bulb Temperature (°C),SRRL BMS Wind Speed at 19' (m/s)
2020-04-14 19:32:00+00:00,23.79085,453.2448,492.05756,8.999994,3.061
2020-04-14 19:33:00+00:00,31.29586,468.2133,517.16986,9.020014,2.822
2020-04-14 19:34:00+00:00,556.0283,489.5752,1056.9946,9.170008,2.247
2020-04-14 19:35:00+00:00,284.8737,505.6378,781.40936,9.399988,1.911
2020-04-14 19:36:00+00:00,225.6047,511.1434,753.0505,9.779993,1.316
2020-04-14 19:37:00+00:00,404.0361,512.2932,910.8295,9.7199955,1.968
2020-04-14 19:38:00+00:00,493.3124,504.8319,988.7115,9.999994,1.968
2020-04-14 19:39:00+00:00,315.4609,487.3932,805.0226,10.529993,1.62
2020-04-14 19:40:00+00:00,715.5775,478.5378,974.9831,10.649988,2.047
2020-04-14 19:41:00+00:00,719.6987,463.1164,1144.9436,10.689997,3.647
2020-04-14 19:42:00+00:00,718.636,460.4002,1140.2902,11.309992,5.181
2020-04-14 19:43:00+00:00,751.5579,456.9809,963.20264,11.170008,3.765
2020-04-14 19:44:00+00:00,731.3303,448.5871,786.1151,10.670008,3.314
2020-04-14 19:45:00+00:00,161.9485,431.6386,609.0276,10.649988,3.458
2020-04-14 19:46:00+00:00,151.1685,414.5621,581.6906,10.330011,2.595
2020-04-14 19:47:00+00:00,550.0958,405.7605,977.40027,10.149988,1.248
2020-04-14 19:48:00+00:00,757.0789,393.7845,1105.837,10.089991,0.949
2020-04-14 19:49:00+00:00,753.1917,381.4185,1079.9891,10.2000065,1.733
2020-04-14 19:50:00+00:00,760.156,371.2977,1076.3798,10.140009,0.802
2020-04-14 19:51:00+00:00,772.2516,366.3504,1080.8224,10.159998,1.459
2020-04-14 19:52:00+00:00,770.3719,367.0703,1077.713,10.020014,2.61
2020-04-14 19:53:00+00:00,767.0942,371.0226,1078.0948,10.230005,3.139
2020-04-14 19:54:00+00:00,766.7153,379.701,1086.1365,10.119989,2.767
2020-04-14 19:55:00+00:00,769.8279,389.6987,1096.3475,10.379999,3.177
2020-04-14 19:56:00+00:00,772.2502,396.3075,1101.9213,10.869989,2.785
2020-04-14 19:57:00+00:00,759.7171,398.4122,1091.4944,11.059992,3.567
2020-04-14 19:58:00+00:00,754.3956,402.0485,1090.2787,10.959986,3.84
2020-04-14 19:59:00+00:00,756.7652,408.163,1099.9198,10.9500065,4.144
2020-04-14 20:00:00+00:00,752.9366,413.3112,1099.6361,10.61001,3.392
2020-04-14 20:01:00+00:00,752.647,412.588,1094.3586,10.7000065,3.283
2020-04-14 20:02:00+00:00,759.8518,406.5836,1090.8391,11.020014,2.914
2020-04-14 20:03:00+00:00,737.6186,396.9049,1059.4537,11.309992,2.608
2020-04-14 20:04:00+00:00,744.8304,386.9638,1054.6609,11.550013,3.721
2020-04-14 20:05:00+00:00,764.6475,379.5538,1062.2173,11.550013,4.67
2020-04-14 20:06:00+00:00,669.9843,379.8499,979.69727,11.270014,4.248
2020-04-14 20:07:00+00:00,404.8614,380.4341,771.42816,11.040003,3.294
2020-04-14 20:08:00+00:00,237.1325,383.3422,607.53143,10.830011,4.129
2020-04-14 20:09:00+00:00,298.4471,378.18,665.41174,10.7000065,3.964
2020-04-14 20:10:00+00:00,475.8697,368.2862,780.83673,10.540003,3.789
2020-04-14 20:11:00+00:00,3.110168,347.7919,353.10013,10.080011,3.469
2020-04-14 20:12:00+00:00,1.530876,329.5338,332.1808,9.629999,2.829
2020-04-14 20:13:00+00:00,0.228976,314.3583,317.37927,9.339991,2.641
2020-04-14 20:14:00+00:00,0.09813156,304.429,307.59286,9.149988,2.584
2020-04-14 20:15:00+00:00,0.0,295.9312,297.0379,9.020014,1.388
2020-04-14 20:16:00+00:00,0.0,284.4413,284.38797,9.020014,1.846
2020-04-14 20:17:00+00:00,0.0,275.9347,277.01288,9.2199955,3.027
2020-04-14 20:18:00+00:00,0.0,274.4466,276.32068,9.339991,3.951
2020-04-14 20:19:00+00:00,0.0,279.6774,282.43753,9.249994,3.192
2020-04-14 20:20:00+00:00,0.0,290.1987,292.93286,9.129999,2.399
2020-04-14 20:21:00+00:00,0.0,300.301,302.69662,9.020014,1.527
2020-04-14 20:22:00+00:00,0.0,309.4736,312.50568,9.1,1.72
2020-04-14 20:23:00+00:00,0.0,318.6192,323.05933,9.059992,1.369
2020-04-14 20:24:00+00:00,1.697022,325.505,330.20474,9.119989,1.181
2020-04-14 20:25:00+00:00,0.5462674,332.609,338.56543,9.1,2.05
2020-04-14 20:26:00+00:00,3.310966,335.0658,343.5874,9.209986,1.849
2020-04-14 20:27:00+00:00,13.34789,327.4102,342.26346,9.429987,3.125
2020-04-14 20:28:00+00:00,41.2267,321.5202,324.56644,9.480005,3.548
2020-04-14 20:29:00+00:00,69.105515,329.8452,335.08087,9.510004,5.045
2020-04-14 20:30:00+00:00,96.98432,335.5589,433.10876,9.4699955,4.041
2020-04-14 20:31:00+00:00,123.74542,336.0928,339.5758,9.399988,4.134
2020-04-14 20:32:00+00:00,150.50652,329.2847,331.06424,9.390009,3.979
2020-04-14 20:33:00+00:00,177.26761,320.0032,320.93076,9.249994,3.16
2020-04-14 20:34:00+00:00,204.02872,312.3254,313.23447,9.170008,2.484
2020-04-14 20:35:00+00:00,230.78981,311.5124,315.22958,9.040003,2.305
2020-04-14 20:36:00+00:00,257.5509,310.7338,531.5412,9.029993,1.922
2020-04-14 20:37:00+00:00,573.5398,315.2903,777.07733,9.2199955,2.089
2020-04-14 20:38:00+00:00,299.7343,318.1397,566.84955,9.570002,1.967
2020-04-14 20:39:00+00:00,606.1445,327.7882,814.0355,9.899988,2.863
2020-04-14 20:40:00+00:00,10.00847,321.461,330.63495,9.980005,3.425
2020-04-14 20:41:00+00:00,4.210016,320.5025,322.56903,9.809992,3.441
2020-04-14 20:42:00+00:00,4.219179,324.0888,327.91333,9.679987,3.339
2020-04-14 20:43:00+00:00,6.965671,314.8682,321.38458,9.640009,4.281
2020-04-14 20:44:00+00:00,5.839729,298.7636,303.03592,9.559992,3.299
2020-04-14 20:45:00+00:00,6.745886,281.0318,285.63272,9.629999,3.26
2020-04-14 20:46:00+00:00,2.425935,267.0785,267.06104,9.7199955,3.355
2020-04-14 20:47:00+00:00,1.940748,254.8116,253.33116,9.570002,3.384
2020-04-14 20:48:00+00:00,1.455561,250.6608,250.03886,9.35,2.692
2020-04-14 20:49:00+00:00,0.970374,254.0298,254.82143,9.36001,2.858
2020-04-14 20:50:00+00:00,0.485187,264.048,265.2046,9.270014,1.885
2020-04-14 20:51:00+00:00,0.0,276.9173,278.913,9.050013,1.726
2020-04-14 20:52:00+00:00,5.807157,296.9132,305.94812,9.209986,2.478
2020-04-14 20:53:00+00:00,363.9093,324.173,612.1012,9.36001,2.05
2020-04-14 20:54:00+00:00,769.839,343.7924,924.228,9.510004,1.837
2020-04-14 20:55:00+00:00,799.6307,352.3619,950.7149,9.890009,2.107
2020-04-14 20:56:00+00:00,126.0688,356.0167,448.99506,10.570002,2.698
2020-04-14 20:57:00+00:00,34.79333,355.4616,385.76743,10.490015,2.115
2020-04-14 20:58:00+00:00,154.5584,345.5992,458.9717,9.999994,1.926
2020-04-14 20:59:00+00:00,9.807977,329.2383,331.8771,9.7199955,1.802
2020-04-14 21:00:00+00:00,5.635125,309.8749,309.26736,9.790003,2.223
2020-04-14 21:01:00+00:00,3.443363,296.9259,296.76224,9.740015,2.631
2020-04-14 21:02:00+00:00,3.031171,297.3874,299.5356,9.570002,2.337
2020-04-14 21:03:00+00:00,66.69693,306.0503,370.90814,9.399988,2.164
2020-04-14 21:04:00+00:00,229.7033,312.0913,485.42474,9.36001,1.751
2020-04-14 21:05:00+00:00,536.2405,314.0321,708.985,9.510004,1.957
2020-04-14 21:06:00+00:00,561.6877,316.8462,725.0779,9.790003,3.045
2020-04-14 21:07:00+00:00,317.8349,315.8622,529.18256,10.179987,4.26
2020-04-14 21:08:00+00:00,11.56803,315.0994,325.44992,10.300013,4.346
2020-04-14 21:09:00+00:00,369.4588,320.5902,589.75183,10.080011,4.598
2020-04-14 21:10:00+00:00,442.4816,318.4705,639.23566,10.240015,4.379
2020-04-14 21:11:00+00:00,778.3662,313.7676,865.3238,10.61001,3.477
2020-04-14 21:12:00+00:00,785.1917,313.4868,869.33875,10.689997,3.861
2020-04-14 21:13:00+00:00,788.3126,317.1452,872.06494,10.800013,3.618
2020-04-14 21:14:00+00:00,701.715,314.6786,808.3716,11.050013,3.046
2020-04-14 21:15:00+00:00,666.7838,297.4421,760.7177,10.61001,2.061
2020-04-14 21:16:00+00:00,5.516776,270.1505,273.7291,10.409998,2.434
2020-04-14 21:17:00+00:00,73.85319,263.9799,321.80002,10.209986,4.106
2020-04-14 21:18:00+00:00,47.41087,279.0518,319.51813,10.010004,3.878
2020-04-14 21:19:00+00:00,172.5937,293.0246,418.79282,9.9699955,3.825
2020-04-14 21:20:00+00:00,46.8679,286.0294,320.464,9.730005,2.53
2020-04-14 21:21:00+00:00,381.868,298.5854,552.77997,9.800013,4.746
2020-04-14 21:22:00+00:00,425.2303,317.2092,613.0452,10.029993,4.209
2020-04-14 21:23:00+00:00,666.4408,337.3172,793.4039,10.4500065,5.192
2020-04-14 21:24:00+00:00,714.6932,354.5345,836.2405,10.529993,3.706
2020-04-14 21:25:00+00:00,584.6292,353.509,750.8965,10.240015,1.708
2020-04-14 21:26:00+00:00,434.5399,343.9459,635.39325,10.2199955,2.06
2020-04-14 21:27:00+00:00,475.0487,340.2454,648.8849,10.159998,3.195
2020-04-14 21:28:00+00:00,577.249,338.1474,718.562,10.2000065,2.486
2020-04-14 21:29:00+00:00,316.142,340.8857,554.36066,10.240015,3.348
2020-04-14 21:30:00+00:00,482.7677,340.3736,658.7395,10.580011,4.76
2020-04-14 21:31:00+00:00,140.2373,329.2258,416.15283,10.589991,3.535
2020-04-14 21:32:00+00:00,427.9291,319.3015,598.983,10.559992,4.792
2020-04-14 21:33:00+00:00,514.9413,312.136,644.59296,10.749994,5.068
2020-04-14 21:34:00+00:00,26.76312,291.5585,312.05573,10.629999,5.397
2020-04-14 21:35:00+00:00,15.61386,275.4951,286.36194,10.149988,5.303
2020-04-14 21:36:00+00:00,3.97462,269.6949,277.74994,9.839991,4.719
2020-04-14 21:37:00+00:00,104.0402,273.4712,347.3805,9.629999,3.089
2020-04-14 21:38:00+00:00,404.5374,274.7251,529.66895,9.550013,2.429
2020-04-14 21:39:00+00:00,565.6613,281.3947,639.35486,9.830011,3.829
2020-04-14 21:40:00+00:00,95.22897,279.8817,339.61417,10.529993,4.294
2020-04-14 21:41:00+00:00,15.01789,276.2983,287.60135,10.730005,4.033
2020-04-14 21:42:00+00:00,198.7498,274.2126,404.23386,10.439997,4.591
2020-04-14 21:43:00+00:00,535.2479,275.042,614.5247,10.249994,3.749
2020-04-14 21:44:00+00:00,499.785,275.5407,584.9001,10.36001,2.432
2020-04-14 21:45:00+00:00,755.7064,280.11,741.951,10.790003,3.41
2020-04-14 21:46:00+00:00,766.213,284.153,750.7274,11.309992,4.265
2020-04-14 21:47:00+00:00,144.6882,279.3192,367.91708,11.559992,5.661
2020-04-14 21:48:00+00:00,37.51327,275.4102,297.35104,11.010004,5.214
2020-04-14 21:49:00+00:00,0.1243094,275.1878,276.81528,10.270014,3.896
2020-04-14 21:50:00+00:00,0.0,272.7031,273.13882,10.140009,2.896
2020-04-14 21:51:00+00:00,0.0,271.3931,271.93573,10.170008,2.651
2020-04-14 21:52:00+00:00,0.0,276.5311,278.7276,10.050013,2.321
2020-04-14 21:53:00+00:00,295.9291,293.5836,479.6507,9.869989,3.531
2020-04-14 21:54:00+00:00,664.8388,308.1221,693.44836,9.990015,4.4
2020-04-14 21:55:00+00:00,736.0769,307.4262,735.7259,10.36001,4.217
2020-04-14 21:56:00+00:00,171.0703,299.2646,395.24725,10.6,4.06
2020-04-14 21:57:00+00:00,3.629861,293.7258,297.0448,10.379999,3.647
2020-04-14 21:58:00+00:00,4.341696,299.2752,302.05884,10.149988,4.531
2020-04-14 21:59:00+00:00,60.54296,302.2224,339.9288,9.999994,4.554
2020-04-14 22:00:00+00:00,516.8952,310.5276,605.2486,10.010004,3.312
2020-04-14 22:01:00+00:00,52.18396,311.419,347.70566,10.119989,3.129
2020-04-14 22:02:00+00:00,11.54513,305.0744,312.2808,10.170008,5.668
2020-04-14 22:03:00+00:00,0.0,292.5229,291.4606,10.159998,5.14
2020-04-14 22:04:00+00:00,2.728956,279.3263,282.82117,10.170008,5.991
2020-04-14 22:05:00+00:00,70.76048,267.7935,313.80878,10.029993,5.586
2020-04-14 22:06:00+00:00,92.60932,255.3546,311.40894,9.990015,6.074
2020-04-14 22:07:00+00:00,449.0084,243.0475,486.7527,9.899988,5.545
2020-04-14 22:08:00+00:00,365.3325,228.0045,431.0042,10.11001,6.125
2020-04-14 22:09:00+00:00,718.2591,227.7675,616.1361,10.379999,6.378
2020-04-14 22:10:00+00:00,277.318,222.1179,373.2986,10.629999,5.909
2020-04-14 22:11:00+00:00,42.38274,221.97,254.8393,10.379999,5.29
2020-04-14 22:12:00+00:00,348.247,227.0056,415.16852,10.140009,5.171
2020-04-14 22:13:00+00:00,326.3698,218.9677,389.18665,10.149988,5.934
2020-04-14 22:14:00+00:00,0.0,201.9645,202.35646,10.089991,5.656
2020-04-14 22:15:00+00:00,0.0,193.5845,191.81183,9.869989,4.407
2020-04-14 22:16:00+00:00,0.0,186.8085,185.76672,9.709986,4.121
2020-04-14 22:17:00+00:00,0.0,187.7708,188.15076,9.619989,3.544
2020-04-14 22:18:00+00:00,0.0,195.9283,197.54732,9.570002,4.235
2020-04-14 22:19:00+00:00,1.441374,201.6989,204.37152,9.480005,3.647
2020-04-14 22:20:00+00:00,149.0289,209.3845,289.1227,9.429987,3.45
2020-04-14 22:21:00+00:00,620.8649,224.4265,537.8783,9.689997,3.383
2020-04-14 22:22:00+00:00,120.7803,234.0984,305.12888,9.980005,2.37
2020-04-14 22:23:00+00:00,337.5706,240.8122,419.25745,10.050013,2.965
2020-04-14 22:24:00+00:00,389.764,246.2127,448.7224,10.300013,3.543
2020-04-14 22:25:00+00:00,640.2228,249.8558,565.3026,10.399988,4.815
2020-04-14 22:26:00+00:00,657.0999,245.2061,564.3807,10.459986,3.476
2020-04-14 22:27:00+00:00,622.0876,243.4341,547.3344,10.559992,3.459
2020-04-14 22:28:00+00:00,260.4261,241.546,369.25998,10.629999,3.584
2020-04-14 22:29:00+00:00,3.847264,236.6289,238.16457,10.61001,4.178
2020-04-14 22:30:00+00:00,2.878265,226.9121,226.84413,10.369989,4.598
2020-04-14 22:31:00+00:00,4.831975,215.5211,216.66246,10.119989,5.078
2020-04-14 22:32:00+00:00,1.372709,205.3139,205.0195,9.9500065,4.662
2020-04-14 22:33:00+00:00,0.0,194.1947,192.79736,9.800013,4.521
2020-04-14 22:34:00+00:00,0.0,184.3055,184.21822,9.679987,4.19
2020-04-14 22:35:00+00:00,9.542287,180.4311,186.68564,9.640009,3.755
2020-04-14 22:36:00+00:00,446.5822,182.6581,394.18253,9.689997,2.999
2020-04-14 22:37:00+00:00,342.3707,183.4596,336.0327,9.899988,4.207
2020-04-14 22:38:00+00:00,3.722926,186.4354,189.5262,9.999994,4.879
2020-04-14 22:39:00+00:00,0.8172157,195.2337,196.07855,9.869989,3.339
2020-04-14 22:40:00+00:00,244.3723,204.7822,314.81696,9.800013,2.71
2020-04-14 22:41:00+00:00,694.1791,218.1292,525.7023,9.809992,2.406
2020-04-14 22:42:00+00:00,693.667,232.268,537.5005,10.080011,1.903
2020-04-14 22:43:00+00:00,689.4769,244.5426,544.4551,10.580011,2.822
2020-04-14 22:44:00+00:00,691.9012,255.7814,553.8947,11.020014,3.497
2020-04-14 22:45:00+00:00,443.1498,258.2361,446.22647,10.730005,2.893
2020-04-14 22:46:00+00:00,453.3822,249.3911,434.78214,10.490015,4.24
2020-04-14 22:47:00+00:00,103.2919,237.1241,274.6963,10.6,4.559
2020-04-14 22:48:00+00:00,12.36765,230.7893,233.0893,10.6,3.592
2020-04-14 22:49:00+00:00,11.68457,227.9878,232.33887,10.249994,3.139
2020-04-14 22:50:00+00:00,18.26295,228.6766,235.6404,10.040003,4.795
2020-04-14 22:51:00+00:00,15.40233,229.0335,233.02095,10.089991,5.297
2020-04-14 22:52:00+00:00,6.800863,228.3598,230.93378,10.050013,4.727
2020-04-14 22:53:00+00:00,12.1361,226.4482,232.33946,9.9699955,5.646
2020-04-14 22:54:00+00:00,17.02575,223.8787,230.94412,9.990015,4.918
2020-04-14 22:55:00+00:00,59.398,221.466,246.65578,10.059992,4.662
2020-04-14 22:56:00+00:00,603.0632,218.0602,457.67798,10.209986,5.248
2020-04-14 22:57:00+00:00,620.1033,209.8807,454.45932,10.390009,4.993
2020-04-14 22:58:00+00:00,661.3945,200.0781,459.70193,10.619989,3.781
2020-04-14 22:59:00+00:00,671.4685,192.2822,454.83,10.800013,4.356
2020-04-14 23:00:00+00:00,679.9036,186.3604,450.53128,10.800013,5.032
2020-04-14 23:01:00+00:00,676.3229,179.5711,439.88968,10.790003,4.113
2020-04-14 23:02:00+00:00,679.1835,170.744,429.89746,10.85,3.922
2020-04-14 23:03:00+00:00,588.6841,159.6067,382.1108,10.820002,3.678
2020-04-14 23:04:00+00:00,635.4854,149.6053,388.5243,10.9699955,4.387
2020-04-14 23:05:00+00:00,575.3302,140.6305,356.0502,10.959986,3.588
2020-04-14 23:06:00+00:00,322.2022,129.9154,247.44772,10.9500065,4.474
2020-04-14 23:07:00+00:00,287.0816,120.8845,231.91457,10.749994,4.415
2020-04-14 23:08:00+00:00,609.5394,118.1095,340.21823,10.439997,4.653
2020-04-14 23:09:00+00:00,537.6818,113.2276,309.53696,10.300013,4.82
2020-04-14 23:10:00+00:00,555.6398,109.1746,311.7204,10.240015,4.299
2020-04-14 23:11:00+00:00,617.2983,107.8601,326.41574,10.260004,4.314
2020-04-14 23:12:00+00:00,585.3337,105.5929,311.84695,10.230005,3.157
2020-04-14 23:13:00+00:00,614.8444,103.5865,317.68613,10.2199955,3.361
2020-04-14 23:14:00+00:00,629.3963,102.5409,318.28003,10.230005,3.726
2020-04-14 23:15:00+00:00,651.492,102.0642,322.03098,10.279993,2.715
2020-04-14 23:16:00+00:00,653.2988,102.0457,319.86148,10.330011,3.089
2020-04-14 23:17:00+00:00,650.134,101.9032,315.67728,10.439997,3.061
2020-04-14 23:18:00+00:00,649.0001,101.188,311.83408,10.550013,4.247
2020-04-14 23:19:00+00:00,645.4922,100.2781,307.36978,10.61001,3.512
2020-04-14 23:20:00+00:00,636.8918,100.7512,302.73953,10.619989,3.352
2020-04-14 23:21:00+00:00,632.4995,100.8273,298.89154,10.649988,4.31
2020-04-14 23:22:00+00:00,625.9593,99.42627,293.19128,10.649988,5.209
2020-04-14 23:23:00+00:00,618.0601,96.36101,285.4476,10.550013,4.753
2020-04-14 23:24:00+00:00,611.2635,92.66525,277.574,10.420008,4.466
2020-04-14 23:25:00+00:00,604.7363,89.56437,270.47763,10.459986,5.232
2020-04-14 23:26:00+00:00,590.9464,86.60625,261.46814,10.330011,5.339
2020-04-14 23:27:00+00:00,579.5206,84.58703,253.8187,10.2199955,4.011
2020-04-14 23:28:00+00:00,574.7642,83.55129,249.40178,10.290003,4.549
2020-04-14 23:29:00+00:00,575.0989,83.13183,247.10966,10.249994,4.59
2020-04-14 23:30:00+00:00,578.2476,82.52953,245.41444,10.140009,3.451
2020-04-14 23:31:00+00:00,576.272,82.05252,242.29749,10.089991,3.927
2020-04-14 23:32:00+00:00,567.8086,81.63744,237.2768,10.149988,4.426
2020-04-14 23:33:00+00:00,557.0872,81.01725,232.10696,10.059992,3.505
2020-04-14 23:34:00+00:00,545.4426,80.33245,225.97122,9.920008,3.734
2020-04-14 23:35:00+00:00,514.018,79.71817,214.73067,9.959986,3.752
2020-04-14 23:36:00+00:00,538.7479,79.28295,219.41125,9.990015,4.198
2020-04-14 23:37:00+00:00,539.8325,78.91979,217.87474,9.980005,4.565
2020-04-14 23:38:00+00:00,538.8041,78.33189,214.66345,9.980005,4.319
2020-04-14 23:39:00+00:00,539.6703,77.60332,211.74696,9.9500065,3.819
2020-04-14 23:40:00+00:00,543.4387,76.94665,210.13962,9.86001,4.131
2020-04-14 23:41:00+00:00,542.4461,76.24429,207.74771,9.830011,3.476
2020-04-14 23:42:00+00:00,540.9628,75.68608,204.60785,9.820002,3.517
2020-04-14 23:43:00+00:00,539.028,75.11269,201.06335,9.830011,4.101
2020-04-14 23:44:00+00:00,535.7859,74.42607,197.60037,9.820002,3.499
2020-04-14 23:45:00+00:00,529.0074,73.89674,193.61624,9.809992,4.328
2020-04-14 23:46:00+00:00,525.4951,73.34562,190.10516,9.740015,3.837
2020-04-14 23:47:00+00:00,521.7908,72.61312,186.71536,9.709986,3.858
2020-04-14 23:48:00+00:00,517.0043,71.86199,183.01564,9.679987,3.192
2020-04-14 23:49:00+00:00,511.1647,71.12038,179.03839,9.709986,3.771
2020-04-14 23:50:00+00:00,503.3231,70.41838,174.72742,9.679987,4.1
2020-04-14 23:51:00+00:00,497.4836,69.62273,170.93486,9.670008,3.611
2020-04-14 23:52:00+00:00,490.125,68.772,166.91283,9.659998,3.778
2020-04-14 23:53:00+00:00,478.6276,67.97915,162.15373,9.659998,3.76
2020-04-14 23:54:00+00:00,469.2962,67.22914,157.96199,9.640009,4.911
2020-04-14 23:55:00+00:00,461.2769,66.61745,154.21187,9.629999,5.205
2020-04-14 23:56:00+00:00,451.6594,66.10489,150.25293,9.61001,4.519
2020-04-14 23:57:00+00:00,440.8015,65.70089,146.29024,9.589991,5.156
2020-04-14 23:58:00+00:00,433.9489,65.10751,142.90569,9.550013,4.841
2020-04-14 23:59:00+00:00,427.1019,64.48069,139.66162,9.559992,5.174
2020-04-15 00:00:00+00:00,423.955,64.04015,137.22835,9.529993,4.067
2020-04-15 00:01:00+00:00,423.2418,63.57035,135.4141,9.520014,4.248
2020-04-15 00:02:00+00:00,419.0993,63.07293,132.92339,9.480005,4.596
2020-04-15 00:03:00+00:00,413.3886,62.11574,129.72818,9.399988,4.047
2020-04-15 00:04:00+00:00,407.3902,60.94143,126.24837,9.36001,3.121
2020-04-15 00:05:00+00:00,399.1104,60.00696,122.68477,9.379999,3.046
2020-04-15 00:06:00+00:00,388.7034,59.02283,118.91228,9.429987,3.497
2020-04-15 00:07:00+00:00,380.2487,58.10775,115.63418,9.379999,3.703
2020-04-15 00:08:00+00:00,372.652,57.27312,112.568214,9.339991,3.214
2020-04-15 00:09:00+00:00,366.5515,56.48708,109.84993,9.300013,3.167
2020-04-15 00:10:00+00:00,361.9218,55.74221,107.413055,9.240015,3.082
2020-04-15 00:11:00+00:00,357.4944,55.06733,105.00356,9.209986,3.871
2020-04-15 00:12:00+00:00,352.3607,54.33437,102.52261,9.2199955,3.758
2020-04-15 00:13:00+00:00,349.4912,53.58292,100.28835,9.249994,3.582
2020-04-15 00:14:00+00:00,345.9997,52.77102,97.91362,9.270014,3.541
2020-04-15 00:15:00+00:00,336.3257,51.89718,94.79539,9.249994,3.234
2020-04-15 00:16:00+00:00,326.7557,51.05064,91.7891,9.189997,2.783
2020-04-15 00:17:00+00:00,323.0072,50.2156,89.506386,9.119989,2.958
2020-04-15 00:18:00+00:00,317.9701,49.39622,87.07248,9.050013,3.339
2020-04-15 00:19:00+00:00,313.5716,48.54051,84.81646,9.070002,3.824
2020-04-15 00:20:00+00:00,310.0377,47.69416,82.69619,9.029993,3.806
2020-04-15 00:21:00+00:00,304.0785,46.8266,80.26511,8.990015,4.729
2020-04-15 00:22:00+00:00,296.9424,45.97951,77.61254,8.959986,5.125
2020-04-15 00:23:00+00:00,288.544,45.00539,75.05012,8.959986,3.745
2020-04-15 00:24:00+00:00,280.9199,44.00055,72.692535,8.890009,3.896
2020-04-15 00:25:00+00:00,274.1797,43.09399,70.28834,8.830011,4.382
2020-04-15 00:26:00+00:00,267.958,42.22148,67.90484,8.770014,4.624
2020-04-15 00:27:00+00:00,261.4422,41.36287,65.49514,8.760004,4.479
2020-04-15 00:28:00+00:00,253.4994,40.40151,63.064068,8.770014,4.591
2020-04-15 00:29:00+00:00,246.8547,39.37338,60.747402,8.730005,4.4
2020-04-15 00:30:00+00:00,240.381,38.34649,58.4654,8.649988,4.949
2020-04-15 00:31:00+00:00,232.7335,37.27674,56.019585,8.640009,5.063
2020-04-15 00:32:00+00:00,227.0913,36.248,53.80024,8.619989,4.549
2020-04-15 00:33:00+00:00,221.9027,35.2387,51.723103,8.540003,4.64
2020-04-15 00:34:00+00:00,215.6312,34.18238,49.58803,8.429987,4.533
2020-04-15 00:35:00+00:00,209.7858,33.17503,47.488598,8.330011,4.606
2020-04-15 00:36:00+00:00,205.9536,32.19071,45.539185,8.320002,4.751
2020-04-15 00:37:00+00:00,201.1728,31.1881,43.731644,8.309992,4.55
2020-04-15 00:38:00+00:00,197.1058,30.19943,41.896194,8.279993,4.248
2020-04-15 00:39:00+00:00,191.7087,29.2097,39.96406,8.240015,4.026
2020-04-15 00:40:00+00:00,182.309,28.21745,37.78561,8.159998,4.421
2020-04-15 00:41:00+00:00,173.5394,27.2066,35.8943,8.140009,3.788
2020-04-15 00:42:00+00:00,165.4531,26.1908,34.096626,8.059992,4.129
2020-04-15 00:43:00+00:00,159.558,25.18286,32.414936,7.980005,3.768
2020-04-15 00:44:00+00:00,152.5222,24.1942,30.52198,7.973993,4.234
2020-04-15 00:45:00+00:00,143.8602,23.1849,28.783936,7.9590087,3.907
2020-04-15 00:46:00+00:00,132.3121,22.17434,26.959476,7.9049926,4.015
2020-04-15 00:47:00+00:00,119.6411,21.17362,25.179602,7.8539977,3.629
2020-04-15 00:48:00+00:00,107.5113,20.14742,23.386745,7.796991,3.982
2020-04-15 00:49:00+00:00,96.95693,19.13027,21.643711,7.794,4.096
2020-04-15 00:50:00+00:00,89.74032,18.11791,20.237734,7.797998,4.036
2020-04-15 00:51:00+00:00,83.76421,17.09641,18.848707,7.796991,4.109
2020-04-15 00:52:00+00:00,76.31677,16.11276,17.604141,7.719995,3.923
2020-04-15 00:53:00+00:00,68.37966,15.12226,16.226,7.6499877,4.007
2020-04-15 00:54:00+00:00,60.93137,14.17181,14.9690895,7.620996,4.087
2020-04-15 00:55:00+00:00,52.4984,13.25237,13.805964,7.5570006,4.253
2020-04-15 00:56:00+00:00,43.13082,12.3329,12.59092,7.511987,3.864
2020-04-15 00:57:00+00:00,36.14928,11.42198,11.508098,7.455011,3.829
2020-04-15 00:58:00+00:00,30.92809,10.53412,10.440525,7.3950133,3.626
2020-04-15 00:59:00+00:00,26.78312,9.683212,9.533386,7.317987,3.873
2020-04-15 01:00:00+00:00,22.20364,8.871764,8.695877,7.261987,3.864
2020-04-15 01:01:00+00:00,15.75438,8.112473,7.8015327,7.1589904,4.103
2020-04-15 01:02:00+00:00,7.311148,7.378092,7.159203,7.158014,3.791
2020-04-15 01:03:00+00:00,0.5994464,6.678312,6.3718557,7.1440063,4.038
2020-04-15 01:04:00+00:00,0.58324516,6.025245,5.6437807,7.1499877,3.864
2020-04-15 01:05:00+00:00,0.5670439,5.42133,5.021022,7.1119933,4.051
2020-04-15 01:06:00+00:00,0.55084264,4.8405,4.57282,7.0660033,3.69
2020-04-15 01:07:00+00:00,0.5346414,4.331866,4.052992,6.999994,4.096
2020-04-15 01:08:00+00:00,0.5184401,3.824458,3.6810431,6.9680114,3.979
2020-04-15 01:09:00+00:00,0.50223887,3.451798,3.175068,6.818994,4.129
2020-04-15 01:10:00+00:00,0.48603764,3.045142,2.6424398,6.7799926,4.212
2020-04-15 01:11:00+00:00,0.46983638,2.653655,2.2943332,6.735986,4.095
2020-04-15 01:12:00+00:00,0.45363513,2.284628,1.8565185,6.675012,4.346
2020-04-15 01:13:00+00:00,0.43743387,1.936239,1.699157,6.6899962,4.029
2020-04-15 01:14:00+00:00,0.4212326,1.638831,1.3842695,6.670007,3.995
2020-04-15 01:15:00+00:00,0.40503135,1.369339,1.1646528,6.684015,4.137
2020-04-15 01:16:00+00:00,0.3888301,1.145974,0.951846,6.6859984,4.255
2020-04-15 01:17:00+00:00,0.37262887,0.9487088,0.8494251,6.67901,4.34
2020-04-15 01:18:00+00:00,0.3564276,0.7817889,0.67501414,6.6610045,4.284
2020-04-15 01:19:00+00:00,0.34022635,0.6512917,0.61945045,6.646997,4.007
2020-04-15 01:20:00+00:00,0.3240251,0.5323259,0.58271194,6.5549865,4.136
2020-04-15 01:21:00+00:00,0.30782384,0.4479555,0.4323864,6.523004,4.098
2020-04-15 01:22:00+00:00,0.29162258,0.3605511,0.46085423,6.5110106,4.116
2020-04-15 01:23:00+00:00,0.27542132,0.2943892,0.2460717,6.4529967,4.319
2020-04-15 01:24:00+00:00,0.25922006,0.2173027,0.30852652,6.4399962,4.423
2020-04-15 01:25:00+00:00,0.24301882,0.1918107,0.2810908,6.4609923,4.653
2020-04-15 01:26:00+00:00,0.22681756,0.1499289,0.21790683,6.475,4.564
2020-04-15 01:27:00+00:00,0.2106163,0.1250427,0.19309771,6.4599853,4.41
2020-04-15 01:28:00+00:00,0.19441505,0.09954873,0.2911691,6.3680053,4.511
2020-04-15 01:29:00+00:00,0.1782138,0.1062259,0.30353093,6.231012,3.953
2020-04-15 01:30:00+00:00,0.16201255,0.1001561,0.15985852,6.153009,4.301
2020-04-15 01:31:00+00:00,0.14581129,0.08983743,0.20579898,6.1499877,4.052
2020-04-15 01:32:00+00:00,0.12961003,0.08619597,0.27072072,6.097009,4.013
2020-04-15 01:33:00+00:00,0.11340878,0.07891219,0.19886655,5.991998,4.206
2020-04-15 01:34:00+00:00,0.097207524,0.06313025,0.09279668,5.985986,4.691
2020-04-15 01:35:00+00:00,0.08100627,0.06191653,0.0948953,6.0299926,4.562
2020-04-15 01:36:00+00:00,0.064805016,0.04491999,0.13340443,6.1069884,4.802
2020-04-15 01:37:00+00:00,0.048603762,0.04067092,0.23752642,6.0830016,4.733
2020-04-15 01:38:00+00:00,0.032402508,0.04795538,0.065677464,6.0200133,5.276
2020-04-15 01:39:00+00:00,0.016201254,0.02792349,0.18206155,6.0849853,4.624
2020-04-15 01:40:00+00:00,0.0,0.03338687,0.043486953,6.037988,4.745
2020-04-15 01:41:00+00:00,0.0,0.01456887,0.1071794,6.126001,5.281
2020-04-15 01:42:00+00:00,0.0,0.01335486,0.1193369,6.1539855,5.356
2020-04-15 01:43:00+00:00,0.0,0.0,0.22081351,6.169,4.676
2020-04-15 01:44:00+00:00,0.0,0.0,0.2210502,6.0779967,4.761
2020-04-15 01:45:00+00:00,0.0,0.008498626,0.17988592,6.037988,4.639
2020-04-15 01:46:00+00:00,0.0,0.01092688,0.23919153,6.023004,4.57
2020-04-15 01:47:00+00:00,0.0,0.01942561,0.25168687,5.997003,4.724
2020-04-15 01:48:00+00:00,0.0,0.03095968,0.30125064,5.908014,4.274
2020-04-15 01:49:00+00:00,0.0,0.03338791,0.18281794,5.817987,4.492
2020-04-15 01:50:00+00:00,0.0,0.03278078,0.2813689,5.80401,4.492
2020-04-15 01:51:00+00:00,0.0,0.04067277,0.26467788,5.7080016,4.64
2020-04-15 01:52:00+00:00,0.0,0.04006578,0.25887674,5.6299987,4.763
2020-04-15 01:53:00+00:00,0.0,0.05099297,0.22500128,5.6090026,4.779
2020-04-15 01:54:00+00:00,0.0,0.0576706,0.23528934,5.5809875,4.495
2020-04-15 01:55:00+00:00,0.0,0.05038564,0.2510969,5.5029845,4.572
2020-04-15 01:56:00+00:00,0.0,0.0540282,0.17617679,5.5100036,4.712
2020-04-15 01:57:00+00:00,0.0,0.04613671,0.14895493,5.524011,4.725
2020-04-15 01:58:00+00:00,0.0,0.0497792,0.17009741,5.506006,4.797
2020-04-15 01:59:00+00:00,0.0,0.05038652,0.1761049,5.4609923,4.25
2020-04-15 02:00:00+00:00,0.0,0.0503866,0.17239434,5.37301,4.541
2020-04-15 02:01:00+00:00,0.0,0.04310201,0.14734209,5.376001,4.647
2020-04-15 02:02:00+00:00,0.0,0.02488997,0.17253631,5.447992,5.034
2020-04-15 02:03:00+00:00,0.0,0.02671116,0.20848364,5.469995,4.827
2020-04-15 02:04:00+00:00,0.0,0.03156791,0.17509508,5.4380126,4.74
2020-04-15 02:05:00+00:00,0.0,0.02792563,0.099598944,5.412988,4.828
2020-04-15 02:06:00+00:00,0.0,0.01274868,0.101607084,5.438989,5.026
2020-04-15 02:07:00+00:00,0.0,0.002428316,0.14678943,5.49801,4.877
2020-04-15 02:08:00+00:00,0.0,0.004249572,0.138457,5.4880004,5.122
2020-04-15 02:09:00+00:00,0.0,0.001214158,0.1306957,5.4779906,4.905
2020-04-15 02:10:00+00:00,0.0,0.0,0.10772574,5.476007,5.174
2020-04-15 02:11:00+00:00,0.0,0.0,0.11370742,5.4630065,5.088
2020-04-15 02:12:00+00:00,0.0,0.0,0.15159267,5.4890075,5.215
2020-04-15 02:13:00+00:00,0.0,0.0,0.21915346,5.517999,5.411
2020-04-15 02:14:00+00:00,0.0,0.0006070893,0.12284544,5.507013,5.486
2020-04-15 02:15:00+00:00,0.0,0.0,0.27262115,5.5289855,5.419
2020-04-15 02:16:00+00:00,0.0,0.00303548,0.12958461,5.4989867,5.016
2020-04-15 02:17:00+00:00,0.0,0.0,0.19857287,5.5029845,4.715
2020-04-15 02:18:00+00:00,0.0,0.005463925,0.18829209,5.480005,4.921
2020-04-15 02:19:00+00:00,0.0,0.001214206,0.22491741,5.4729857,4.885
2020-04-15 02:20:00+00:00,0.0,0.001821312,0.1785267,5.475,4.965
2020-04-15 02:21:00+00:00,0.0,0.004856843,0.0,5.4989867,5.735
2020-04-15 02:22:00+00:00,0.2317235,0.0,0.10732883,5.616998,5.202
2020-04-15 02:23:00+00:00,0.3947164,0.0,0.28303346,5.64599,5.029
2020-04-15 02:24:00+00:00,0.2487447,0.0,0.25109506,5.5880065,5.039
2020-04-15 02:25:00+00:00,0.1597208,0.0,0.22316086,5.485986,4.676
2020-04-15 02:26:00+00:00,0.08051504,0.00242846,0.1626868,5.448999,4.897
2020-04-15 02:27:00+00:00,0.1211002,0.001821348,0.21546406,5.4089904,4.84
2020-04-15 02:28:00+00:00,0.02029251,0.003642705,0.23447877,5.392999,5.117
2020-04-15 02:29:00+00:00,0.0,0.001821355,0.28606582,5.376001,5.088
2020-04-15 02:30:00+00:00,0.0,0.009106783,0.19838631,5.3789916,5.352
2020-04-15 02:31:00+00:00,0.0,0.01760646,0.20056075,5.348993,4.559
2020-04-15 02:32:00+00:00,0.0,0.02367767,0.19724214,5.296991,5.336
2020-04-15 02:33:00+00:00,0.0,0.02610615,0.1250335,5.2960143,5.852
2020-04-15 02:34:00+00:00,0.0,0.029749,0.0,5.3160033,5.537
2020-04-15 02:35:00+00:00,0.1328842,0.005464095,0.28154868,5.3680053,6.007
2020-04-15 02:36:00+00:00,0.0,0.01092818,0.23642099,5.3369994,5.566
2020-04-15 02:37:00+00:00,0.0,0.01760651,0.2754087,5.303003,5.632
2020-04-15 02:38:00+00:00,0.0,0.03278468,0.27834803,5.226007,5.514
2020-04-15 02:39:00+00:00,0.0,0.05646259,0.23775041,5.1710143,5.29
2020-04-15 02:40:00+00:00,0.0,0.06010543,0.21664762,5.146997,5.759
2020-04-15 02:41:00+00:00,0.0,0.07164114,0.19086027,5.0880065,5.713
2020-04-15 02:42:00+00:00,0.0,0.06435564,0.21274793,5.0630126,5.565
2020-04-15 02:43:00+00:00,0.0,0.06860587,0.20383877,4.9840026,5.145
2020-04-15 02:44:00+00:00,0.0,0.06921306,0.23507977,4.9590087,5.076
2020-04-15 02:45:00+00:00,0.0,0.06678473,0.18823284,4.920007,5.47
2020-04-15 02:46:00+00:00,0.0,0.05949918,0.26962966,4.8680053,5.178
2020-04-15 02:47:00+00:00,0.0,0.07224917,0.23853397,4.8269897,5.104
2020-04-15 02:48:00+00:00,0.0,0.06982076,0.21589178,4.7789855,5.085
2020-04-15 02:49:00+00:00,0.0,0.07285666,0.20326394,4.666986,5.207
2020-04-15 02:50:00+00:00,0.0,0.07346366,0.23211712,4.6570067,5.031
2020-04-15 02:51:00+00:00,0.0,0.07467818,0.21900386,4.626001,5.037
2020-04-15 02:52:00+00:00,0.0,0.072857,0.1291424,4.5670104,5.23
2020-04-15 02:53:00+00:00,0.0,0.07346436,0.22360766,4.58999,5.174
2020-04-15 02:54:00+00:00,0.0,0.07346465,0.19829422,4.5410094,4.763
2020-04-15 02:55:00+00:00,0.0,0.07225035,0.24085248,4.52099,4.755
2020-04-15 02:56:00+00:00,0.0,0.07589323,0.20379537,4.4309936,5.112
2020-04-15 02:57:00+00:00,0.0,0.0680005,0.1832596,4.4410033,4.407
2020-04-15 02:58:00+00:00,0.0,0.07103655,0.24356288,4.4099975,4.662
2020-04-15 02:59:00+00:00,0.0,0.06860786,0.25991052,4.400995,4.568
2020-04-15 03:00:00+00:00,0.0,0.067394,0.17448574,4.351007,4.219
2020-04-15 03:01:00+00:00,0.0,0.06860848,0.16197658,4.299005,4.709
2020-04-15 03:02:00+00:00,0.0,0.05950113,0.23369354,4.2749877,4.426
2020-04-15 03:03:00+00:00,0.0,0.0601084,0.1641739,4.2430053,4.524
2020-04-15 03:04:00+00:00,0.0,0.04675123,0.16253716,4.252008,4.892
2020-04-15 03:05:00+00:00,0.0,0.04250128,0.23909461,4.257013,4.614
2020-04-15 03:06:00+00:00,0.0,0.04492993,0.23928678,4.2279906,4.578
2020-04-15 03:07:00+00:00,0.0,0.04857292,0.23463845,4.1710143,4.513
2020-04-15 03:08:00+00:00,0.0,0.05950213,0.14387208,4.132013,4.559
2020-04-15 03:09:00+00:00,0.0,0.04068005,0.022894979,4.150995,4.83
2020-04-15 03:10:00+00:00,0.0,0.03643024,0.22265321,4.196985,4.617
2020-04-15 03:11:00+00:00,0.0,0.03643034,0.114414096,4.2069945,5.05
2020-04-15 03:12:00+00:00,0.0,0.02853717,0.12770993,4.193994,4.176
2020-04-15 03:13:00+00:00,0.0,0.03521622,0.1830467,4.1570067,4.123
2020-04-15 03:14:00+00:00,0.0,0.03521635,0.23593396,4.094995,4.379
2020-04-15 03:15:00+00:00,0.0,0.03521644,0.14908987,4.0309997,4.464
2020-04-15 03:16:00+00:00,0.0,0.03157349,0.25251806,4.001001,4.072
2020-04-15 03:17:00+00:00,0.0,0.03582371,0.22152823,3.9559875,4.354
2020-04-15 03:18:00+00:00,0.0,0.03703811,0.26711202,3.9460082,3.928
2020-04-15 03:19:00+00:00,0.0,0.03764532,0.16572165,3.9150023,4.537
2020-04-15 03:20:00+00:00,0.0,0.03582378,0.19964689,3.9399962,4.253
2020-04-15 03:21:00+00:00,0.0,0.03643089,0.17443198,3.9340148,4.457
2020-04-15 03:22:00+00:00,0.0,0.03521652,0.15933728,3.9089904,4.577
2020-04-15 03:23:00+00:00,0.0,0.03582374,0.24027193,3.9219909,4.212
2020-04-15 03:24:00+00:00,0.0,0.03582377,0.1937424,3.8690124,4.255
2020-04-15 03:25:00+00:00,0.0,0.03764547,0.23354721,3.8059936,4.008
2020-04-15 03:26:00+00:00,0.0,0.04007439,0.21841705,3.7560058,4.322
2020-04-15 03:27:00+00:00,0.0,0.03886006,0.12539452,3.7749877,4.124
2020-04-15 03:28:00+00:00,0.0,0.03521689,0.18225092,3.7679992,4.443
2020-04-15 03:29:00+00:00,0.0,0.03035942,0.1825167,3.7799926,4.541
2020-04-15 03:30:00+00:00,0.0,0.0248948,0.1634742,3.8390136,4.544
2020-04-15 03:31:00+00:00,0.1001657,0.004857534,0.17011788,3.898004,4.854
2020-04-15 03:32:00+00:00,0.2265199,0.004857593,0.21600127,3.9399962,4.764
2020-04-15 03:33:00+00:00,0.2167011,0.0,0.22896683,3.955011,5.089
2020-04-15 03:34:00+00:00,0.3005018,0.003643215,0.17258334,4.0100036,5.07
2020-04-15 03:35:00+00:00,0.5172044,0.0,0.12527621,4.006006,4.679
2020-04-15 03:36:00+00:00,0.7581323,0.0,0.17338908,4.047998,5.228
2020-04-15 03:37:00+00:00,0.8727053,0.0,0.13336754,4.171991,5.553
2020-04-15 03:38:00+00:00,1.085483,0.0,0.12360641,4.2029967,5.145
2020-04-15 03:39:00+00:00,1.300882,0.0,0.183355,4.1809936,5.33
2020-04-15 03:40:00+00:00,1.286478,0.0,0.2274445,4.1849914,4.733
2020-04-15 03:41:00+00:00,1.234106,0.0,0.25070462,4.141992,4.777
2020-04-15 03:42:00+00:00,1.147686,0.0,0.2276308,4.076013,4.957
2020-04-15 03:43:00+00:00,1.008889,0.0,0.24578997,4.0599914,5.155
2020-04-15 03:44:00+00:00,0.9100294,0.0,0.2664714,4.1589904,5.129
2020-04-15 03:45:00+00:00,0.7535586,0.0,0.22323197,4.1910033,5.588
2020-04-15 03:46:00+00:00,0.6625555,0.0,0.21838209,4.1799865,5.17
2020-04-15 03:47:00+00:00,0.5892296,0.0,0.21662131,4.1620116,5.401
2020-04-15 03:48:00+00:00,0.5178677,0.0,0.32993674,4.1660094,5.032
2020-04-15 03:49:00+00:00,0.2913413,0.0,0.1954737,4.1570067,4.942
2020-04-15 03:50:00+00:00,0.3129461,0.0,0.23997375,4.1559997,5.107
2020-04-15 03:51:00+00:00,0.3149116,0.00121443,0.20179778,4.1,5.313
2020-04-15 03:52:00+00:00,0.3974048,0.0,0.2890553,4.0880065,4.959
2020-04-15 03:53:00+00:00,0.1446894,0.004857728,0.34338903,4.0890136,4.838
2020-04-15 03:54:00+00:00,0.0,0.007286614,0.24750799,4.071008,4.686
2020-04-15 03:55:00+00:00,0.0,0.01760942,0.19336396,4.067987,4.769
2020-04-15 03:56:00+00:00,0.0,0.006072222,0.2329647,4.047998,5.114
2020-04-15 03:57:00+00:00,0.0,0.01943119,0.2025683,4.0339904,5.024
2020-04-15 03:58:00+00:00,0.0,0.02186012,0.2218273,4.0190063,5.174
2020-04-15 03:59:00+00:00,0.001309428,0.004857815,0.22610503,4.0079894,4.996
2020-04-15 04:00:00+00:00,0.0,0.01032281,0.21931306,4.0140014,4.475
2020-04-15 04:01:00+00:00,0.0,0.01214451,0.26206124,3.968988,4.934
2020-04-15 04:02:00+00:00,0.0,0.02368185,0.18530178,3.9479918,5.019
2020-04-15 04:03:00+00:00,0.0,0.01153736,0.26048428,3.92901,5.152
2020-04-15 04:04:00+00:00,0.0,0.02186031,0.27073318,3.924005,5.245
2020-04-15 04:05:00+00:00,0.0,0.02489643,0.22953165,3.9349914,4.977
2020-04-15 04:06:00+00:00,0.0,0.0248964,0.2710623,3.9320006,4.642
2020-04-15 04:07:00+00:00,0.0,0.02428925,0.2592783,3.891992,4.91
2020-04-15 04:08:00+00:00,0.0,0.02853985,0.27330583,3.8600097,4.493
2020-04-15 04:09:00+00:00,0.0,0.03036159,0.2275747,3.800012,4.39
2020-04-15 04:10:00+00:00,0.0,0.02732537,0.22180742,3.744989,4.706
2020-04-15 04:11:00+00:00,0.0,0.03218327,0.2794388,3.674005,4.425
2020-04-15 04:12:00+00:00,0.0,0.03582662,0.26165473,3.6520019,4.237
2020-04-15 04:13:00+00:00,0.0,0.03643386,0.30748022,3.6150146,4.348
2020-04-15 04:14:00+00:00,0.0,0.03947008,0.18646067,3.6130004,4.392
2020-04-15 04:15:00+00:00,0.0,0.03643406,0.33298475,3.6360106,4.523
2020-04-15 04:16:00+00:00,0.0,0.04432823,0.31135273,3.6299987,4.588
2020-04-15 04:17:00+00:00,0.0,0.04979342,0.12104356,3.575006,4.51
2020-04-15 04:18:00+00:00,0.0,0.04007758,0.23166221,3.5729918,4.766
2020-04-15 04:19:00+00:00,0.0,0.03947046,0.18633747,3.5549865,4.374
2020-04-15 04:20:00+00:00,0.0,0.03339802,0.25021583,3.541986,4.438
2020-04-15 04:21:00+00:00,0.0,0.03521977,0.23112935,3.4810119,4.764
2020-04-15 04:22:00+00:00,0.0,0.0388634,0.21595055,3.4999938,4.942
2020-04-15 04:23:00+00:00,0.0,0.03522006,0.20657104,3.542993,5.003
2020-04-15 04:24:00+00:00,0.0,0.02611143,0.17091787,3.5549865,4.675
2020-04-15 04:25:00+00:00,0.0,0.02550424,0.21009731,3.5469909,5.24
2020-04-15 04:26:00+00:00,0.0,0.02428982,0.24348456,3.576013,4.603
2020-04-15 04:27:00+00:00,0.0,0.0206463,0.22586608,3.576013,4.871
2020-04-15 04:28:00+00:00,0.0,0.02064633,0.21904147,3.5920043,5.212
2020-04-15 04:29:00+00:00,0.0,0.01518118,0.2395854,3.5979857,4.903
2020-04-15 04:30:00+00:00,0.0,0.02307533,0.15298897,3.5549865,4.972
